[{"model": "admin.logentry", "pk": 1, "fields": {"action_time": "2024-08-02T23:09:50.370Z", "user": 1, "content_type": 7, "object_id": "1", "object_repr": "No Country for Old Men by Cormac Mc Carthy (2024)", "action_flag": 1, "change_message": "[{\"added\": {}}]"}}, {"model": "admin.logentry", "pk": 2, "fields": {"action_time": "2024-08-02T23:10:54.450Z", "user": 1, "content_type": 7, "object_id": "2", "object_repr": "The Sisters Brothers by Patrick deWitt (2024)", "action_flag": 1, "change_message": "[{\"added\": {}}]"}}, {"model": "admin.logentry", "pk": 3, "fields": {"action_time": "2024-08-02T23:12:31.467Z", "user": 1, "content_type": 7, "object_id": "3", "object_repr": "Sentimental Education by Gustave Flaubert (2024)", "action_flag": 1, "change_message": "[{\"added\": {}}]"}}, {"model": "admin.logentry", "pk": 4, "fields": {"action_time": "2024-08-02T23:14:01.923Z", "user": 1, "content_type": 7, "object_id": "4", "object_repr": "One Hundred Years of Solitude by Gabriel García Márquez (2024)", "action_flag": 1, "change_message": "[{\"added\": {}}]"}}, {"model": "admin.logentry", "pk": 5, "fields": {"action_time": "2024-08-02T23:15:18.328Z", "user": 1, "content_type": 7, "object_id": "5", "object_repr": "The Little Prince by Antoine de Saint-Exupéry (2024)", "action_flag": 1, "change_message": "[{\"added\": {}}]"}}, {"model": "admin.logentry", "pk": 6, "fields": {"action_time": "2024-08-02T23:16:24.404Z", "user": 1, "content_type": 7, "object_id": "6", "object_repr": "پاييز فصل آخر سال است by نسیم مرعشی (2024)", "action_flag": 1, "change_message": "[{\"added\": {}}]"}}, {"model": "admin.logentry", "pk": 7, "fields": {"action_time": "2024-08-02T23:19:16.090Z", "user": 1, "content_type": 7, "object_id": "7", "object_repr": "STORY Substance, Structure, Style, and the Principles of Screenwriting by Robert McKee (2024)", "action_flag": 1, "change_message": "[{\"added\": {}}]"}}, {"model": "admin.logentry", "pk": 8, "fields": {"action_time": "2024-08-02T23:22:19.136Z", "user": 1, "content_type": 7, "object_id": "8", "object_repr": "A Song of Ice and Fire by George R. R. Martin, Martin G R R (2024)", "action_flag": 1, "change_message": "[{\"added\": {}}]"}}, {"model": "admin.logentry", "pk": 9, "fields": {"action_time": "2024-08-02T23:23:51.546Z", "user": 1, "content_type": 7, "object_id": "9", "object_repr": "The Lord of the Rings by John Ronald Reuel Tolkien (2024)", "action_flag": 1, "change_message": "[{\"added\": {}}]"}}, {"model": "admin.logentry", "pk": 10, "fields": {"action_time": "2024-08-02T23:24:09.295Z", "user": 1, "content_type": 7, "object_id": "2", "object_repr": "The Sisters Brothers by Patrick deWitt (2024)", "action_flag": 2, "change_message": "[{\"changed\": {\"fields\": [\"Genre\"]}}]"}}, {"model": "admin.logentry", "pk": 11, "fields": {"action_time": "2024-08-02T23:24:18.150Z", "user": 1, "content_type": 7, "object_id": "6", "object_repr": "پاييز فصل آخر سال است by نسیم مرعشی (2024)", "action_flag": 2, "change_message": "[{\"changed\": {\"fields\": [\"Genre\"]}}]"}}, {"model": "admin.logentry", "pk": 12, "fields": {"action_time": "2024-08-02T23:24:37.730Z", "user": 1, "content_type": 7, "object_id": "1", "object_repr": "No Country for Old Men by Cormac Mc Carthy (2024)", "action_flag": 2, "change_message": "[{\"changed\": {\"fields\": [\"Genre\"]}}]"}}, {"model": "admin.logentry", "pk": 13, "fields": {"action_time": "2024-08-02T23:25:42.856Z", "user": 1, "content_type": 7, "object_id": "10", "object_repr": "Constantine by Kevin Brodbin (2024)", "action_flag": 1, "change_message": "[{\"added\": {}}]"}}, {"model": "admin.logentry", "pk": 14, "fields": {"action_time": "2024-08-02T23:26:40.035Z", "user": 1, "content_type": 7, "object_id": "11", "object_repr": "Hellblazer by Jamie Delano (2024)", "action_flag": 1, "change_message": "[{\"added\": {}}]"}}, {"model": "admin.logentry", "pk": 15, "fields": {"action_time": "2024-08-02T23:27:40.572Z", "user": 1, "content_type": 7, "object_id": "12", "object_repr": "The Great Gatsby by F. Scott Fitzgerald (2024)", "action_flag": 1, "change_message": "[{\"added\": {}}]"}}, {"model": "admin.logentry", "pk": 16, "fields": {"action_time": "2024-08-02T23:28:47.432Z", "user": 1, "content_type": 7, "object_id": "13", "object_repr": "Hamlet by William Shakespeare (2024)", "action_flag": 1, "change_message": "[{\"added\": {}}]"}}, {"model": "admin.logentry", "pk": 17, "fields": {"action_time": "2024-08-02T23:32:45.610Z", "user": 1, "content_type": 7, "object_id": "14", "object_repr": "Macbeth by William Shakespeare (2024)", "action_flag": 1, "change_message": "[{\"added\": {}}]"}}, {"model": "admin.logentry", "pk": 18, "fields": {"action_time": "2024-08-02T23:33:43.602Z", "user": 1, "content_type": 7, "object_id": "15", "object_repr": "Julius Caesar by William Shakespeare (2024)", "action_flag": 1, "change_message": "[{\"added\": {}}]"}}, {"model": "admin.logentry", "pk": 19, "fields": {"action_time": "2024-08-02T23:35:30.589Z", "user": 1, "content_type": 4, "object_id": "2", "object_repr": "a_boy_who_reads", "action_flag": 1, "change_message": "[{\"added\": {}}]"}}, {"model": "admin.logentry", "pk": 20, "fields": {"action_time": "2024-08-02T23:35:49.683Z", "user": 1, "content_type": 4, "object_id": "3", "object_repr": "a_girl_who_reads", "action_flag": 1, "change_message": "[{\"added\": {}}]"}}, {"model": "admin.logentry", "pk": 21, "fields": {"action_time": "2024-08-02T23:36:14.699Z", "user": 1, "content_type": 4, "object_id": "4", "object_repr": "django_dev_worm", "action_flag": 1, "change_message": "[{\"added\": {}}]"}}, {"model": "admin.logentry", "pk": 22, "fields": {"action_time": "2024-08-02T23:36:31.369Z", "user": 1, "content_type": 4, "object_id": "5", "object_repr": "tech", "action_flag": 1, "change_message": "[{\"added\": {}}]"}}, {"model": "admin.logentry", "pk": 23, "fields": {"action_time": "2024-08-02T23:41:39.994Z", "user": 1, "content_type": 9, "object_id": "1", "object_repr": "Review by a_boy_who_reads on No Country for Old Men by Cormac Mc Carthy (2024)", "action_flag": 1, "change_message": "[{\"added\": {}}]"}}, {"model": "admin.logentry", "pk": 24, "fields": {"action_time": "2024-08-02T23:42:43.799Z", "user": 1, "content_type": 9, "object_id": "2", "object_repr": "Review by django_dev_worm on پاييز فصل آخر سال است by نسیم مرعشی (2024)", "action_flag": 1, "change_message": "[{\"added\": {}}]"}}, {"model": "admin.logentry", "pk": 25, "fields": {"action_time": "2024-08-02T23:43:58.494Z", "user": 1, "content_type": 9, "object_id": "3", "object_repr": "Review by a_girl_who_reads on Hellblazer by Jamie Delano (2024)", "action_flag": 1, "change_message": "[{\"added\": {}}]"}}, {"model": "admin.logentry", "pk": 26, "fields": {"action_time": "2024-08-02T23:44:37.931Z", "user": 1, "content_type": 9, "object_id": "4", "object_repr": "Review by django_dev_worm on The Great Gatsby by F. Scott Fitzgerald (2024)", "action_flag": 1, "change_message": "[{\"added\": {}}]"}}, {"model": "admin.logentry", "pk": 27, "fields": {"action_time": "2024-08-02T23:45:08.298Z", "user": 1, "content_type": 9, "object_id": "5", "object_repr": "Review by a_boy_who_reads on پاييز فصل آخر سال است by نسیم مرعشی (2024)", "action_flag": 1, "change_message": "[{\"added\": {}}]"}}, {"model": "admin.logentry", "pk": 28, "fields": {"action_time": "2024-08-02T23:46:13.388Z", "user": 1, "content_type": 9, "object_id": "6", "object_repr": "Review by django_dev_worm on Macbeth by William Shakespeare (2024)", "action_flag": 1, "change_message": "[{\"added\": {}}]"}}, {"model": "admin.logentry", "pk": 29, "fields": {"action_time": "2024-08-02T23:47:38.999Z", "user": 1, "content_type": 9, "object_id": "7", "object_repr": "Review by a_girl_who_reads on Hamlet by William Shakespeare (2024)", "action_flag": 1, "change_message": "[{\"added\": {}}]"}}, {"model": "admin.logentry", "pk": 30, "fields": {"action_time": "2024-08-02T23:48:36.295Z", "user": 1, "content_type": 9, "object_id": "8", "object_repr": "Review by django_dev_worm on Sentimental Education by Gustave Flaubert (2024)", "action_flag": 1, "change_message": "[{\"added\": {}}]"}}, {"model": "admin.logentry", "pk": 31, "fields": {"action_time": "2024-08-02T23:49:06.845Z", "user": 1, "content_type": 9, "object_id": "9", "object_repr": "Review by a_girl_who_reads on Julius Caesar by William Shakespeare (2024)", "action_flag": 1, "change_message": "[{\"added\": {}}]"}}, {"model": "admin.logentry", "pk": 32, "fields": {"action_time": "2024-08-02T23:49:38.974Z", "user": 1, "content_type": 9, "object_id": "10", "object_repr": "Review by a_boy_who_reads on The Lord of the Rings by John Ronald Reuel Tolkien (2024)", "action_flag": 1, "change_message": "[{\"added\": {}}]"}}, {"model": "admin.logentry", "pk": 33, "fields": {"action_time": "2024-08-02T23:51:29.928Z", "user": 1, "content_type": 9, "object_id": "11", "object_repr": "Review by django_dev_worm on Julius Caesar by William Shakespeare (2024)", "action_flag": 1, "change_message": "[{\"added\": {}}]"}}, {"model": "admin.logentry", "pk": 34, "fields": {"action_time": "2024-08-02T23:52:17.647Z", "user": 1, "content_type": 9, "object_id": "12", "object_repr": "Review by a_girl_who_reads on One Hundred Years of Solitude by Gabriel García Márquez (2024)", "action_flag": 1, "change_message": "[{\"added\": {}}]"}}, {"model": "admin.logentry", "pk": 35, "fields": {"action_time": "2024-08-02T23:53:22.381Z", "user": 1, "content_type": 8, "object_id": "1", "object_repr": "Bookmark by a_boy_who_reads on No Country for Old Men by Cormac Mc Carthy (2024)", "action_flag": 1, "change_message": "[{\"added\": {}}]"}}, {"model": "admin.logentry", "pk": 36, "fields": {"action_time": "2024-08-02T23:53:27.515Z", "user": 1, "content_type": 8, "object_id": "2", "object_repr": "Bookmark by django_dev_worm on The Little Prince by Antoine de Saint-Exupéry (2024)", "action_flag": 1, "change_message": "[{\"added\": {}}]"}}, {"model": "admin.logentry", "pk": 37, "fields": {"action_time": "2024-08-02T23:53:32.521Z", "user": 1, "content_type": 8, "object_id": "3", "object_repr": "Bookmark by a_girl_who_reads on Sentimental Education by Gustave Flaubert (2024)", "action_flag": 1, "change_message": "[{\"added\": {}}]"}}, {"model": "admin.logentry", "pk": 38, "fields": {"action_time": "2024-08-02T23:53:38.825Z", "user": 1, "content_type": 8, "object_id": "4", "object_repr": "Bookmark by a_girl_who_reads on The Lord of the Rings by John Ronald Reuel Tolkien (2024)", "action_flag": 1, "change_message": "[{\"added\": {}}]"}}, {"model": "admin.logentry", "pk": 39, "fields": {"action_time": "2024-08-02T23:53:45.166Z", "user": 1, "content_type": 8, "object_id": "5", "object_repr": "Bookmark by a_boy_who_reads on Hellblazer by Jamie Delano (2024)", "action_flag": 1, "change_message": "[{\"added\": {}}]"}}, {"model": "admin.logentry", "pk": 40, "fields": {"action_time": "2024-08-02T23:53:53.732Z", "user": 1, "content_type": 8, "object_id": "6", "object_repr": "Bookmark by django_dev_worm on پاييز فصل آخر سال است by نسیم مرعشی (2024)", "action_flag": 1, "change_message": "[{\"added\": {}}]"}}, {"model": "admin.logentry", "pk": 41, "fields": {"action_time": "2024-08-02T23:54:00.066Z", "user": 1, "content_type": 8, "object_id": "7", "object_repr": "Bookmark by tech on The Great Gatsby by F. Scott Fitzgerald (2024)", "action_flag": 1, "change_message": "[{\"added\": {}}]"}}, {"model": "admin.logentry", "pk": 42, "fields": {"action_time": "2024-08-02T23:54:05.587Z", "user": 1, "content_type": 8, "object_id": "8", "object_repr": "Bookmark by django_dev_worm on One Hundred Years of Solitude by Gabriel García Márquez (2024)", "action_flag": 1, "change_message": "[{\"added\": {}}]"}}, {"model": "admin.logentry", "pk": 43, "fields": {"action_time": "2024-08-02T23:54:13.159Z", "user": 1, "content_type": 8, "object_id": "9", "object_repr": "Bookmark by tech on Constantine by Kevin Brodbin (2024)", "action_flag": 1, "change_message": "[{\"added\": {}}]"}}, {"model": "admin.logentry", "pk": 44, "fields": {"action_time": "2024-08-02T23:54:19.347Z", "user": 1, "content_type": 8, "object_id": "10", "object_repr": "Bookmark by tech on No Country for Old Men by Cormac Mc Carthy (2024)", "action_flag": 1, "change_message": "[{\"added\": {}}]"}}, {"model": "admin.logentry", "pk": 45, "fields": {"action_time": "2024-08-02T23:54:32.046Z", "user": 1, "content_type": 8, "object_id": "11", "object_repr": "Bookmark by a_girl_who_reads on A Song of Ice and Fire by George R. R. Martin, Martin G R R (2024)", "action_flag": 1, "change_message": "[{\"added\": {}}]"}}, {"model": "admin.logentry", "pk": 46, "fields": {"action_time": "2024-08-02T23:54:43.398Z", "user": 1, "content_type": 8, "object_id": "12", "object_repr": "Bookmark by a_boy_who_reads on Macbeth by William Shakespeare (2024)", "action_flag": 1, "change_message": "[{\"added\": {}}]"}}, {"model": "admin.logentry", "pk": 47, "fields": {"action_time": "2024-08-02T23:55:05.491Z", "user": 1, "content_type": 8, "object_id": "13", "object_repr": "Bookmark by a_girl_who_reads on The Little Prince by Antoine de Saint-Exupéry (2024)", "action_flag": 1, "change_message": "[{\"added\": {}}]"}}, {"model": "admin.logentry", "pk": 48, "fields": {"action_time": "2024-08-02T23:55:11.998Z", "user": 1, "content_type": 8, "object_id": "14", "object_repr": "Bookmark by a_boy_who_reads on Julius Caesar by William Shakespeare (2024)", "action_flag": 1, "change_message": "[{\"added\": {}}]"}}, {"model": "admin.logentry", "pk": 49, "fields": {"action_time": "2024-08-02T23:55:19.147Z", "user": 1, "content_type": 8, "object_id": "15", "object_repr": "Bookmark by tech on A Song of Ice and Fire by George R. R. Martin, Martin G R R (2024)", "action_flag": 1, "change_message": "[{\"added\": {}}]"}}, {"model": "admin.logentry", "pk": 50, "fields": {"action_time": "2024-08-02T23:55:27.707Z", "user": 1, "content_type": 8, "object_id": "16", "object_repr": "Bookmark by a_boy_who_reads on A Song of Ice and Fire by George R. R. Martin, Martin G R R (2024)", "action_flag": 1, "change_message": "[{\"added\": {}}]"}}, {"model": "admin.logentry", "pk": 51, "fields": {"action_time": "2024-08-02T23:55:34.986Z", "user": 1, "content_type": 8, "object_id": "17", "object_repr": "Bookmark by django_dev_worm on Julius Caesar by William Shakespeare (2024)", "action_flag": 1, "change_message": "[{\"added\": {}}]"}}, {"model": "admin.logentry", "pk": 52, "fields": {"action_time": "2024-08-02T23:55:43.450Z", "user": 1, "content_type": 8, "object_id": "18", "object_repr": "Bookmark by a_boy_who_reads on One Hundred Years of Solitude by Gabriel García Márquez (2024)", "action_flag": 1, "change_message": "[{\"added\": {}}]"}}, {"model": "admin.logentry", "pk": 53, "fields": {"action_time": "2024-08-02T23:56:40.009Z", "user": 1, "content_type": 8, "object_id": "19", "object_repr": "Bookmark by a_girl_who_reads on Constantine by Kevin Brodbin (2024)", "action_flag": 1, "change_message": "[{\"added\": {}}]"}}, {"model": "admin.logentry", "pk": 54, "fields": {"action_time": "2024-08-02T23:56:52.966Z", "user": 1, "content_type": 8, "object_id": "20", "object_repr": "Bookmark by a_boy_who_reads on پاييز فصل آخر سال است by نسیم مرعشی (2024)", "action_flag": 1, "change_message": "[{\"added\": {}}]"}}, {"model": "admin.logentry", "pk": 55, "fields": {"action_time": "2024-08-02T23:57:21.188Z", "user": 1, "content_type": 7, "object_id": "13", "object_repr": "Hamlet by William Shakespeare (2022)", "action_flag": 2, "change_message": "[{\"changed\": {\"fields\": [\"Published Date\"]}}]"}}, {"model": "admin.logentry", "pk": 56, "fields": {"action_time": "2024-08-02T23:57:30.501Z", "user": 1, "content_type": 7, "object_id": "8", "object_repr": "A Song of Ice and Fire by George R. R. Martin, Martin G R R (2021)", "action_flag": 2, "change_message": "[{\"changed\": {\"fields\": [\"Published Date\"]}}]"}}, {"model": "admin.logentry", "pk": 57, "fields": {"action_time": "2024-08-02T23:57:44.291Z", "user": 1, "content_type": 7, "object_id": "8", "object_repr": "A Song of Ice and Fire by George R. R. Martin, Martin G R R (2008)", "action_flag": 2, "change_message": "[{\"changed\": {\"fields\": [\"Published Date\"]}}]"}}, {"model": "auth.permission", "pk": 1, "fields": {"name": "Can add log entry", "content_type": 1, "codename": "add_logentry"}}, {"model": "auth.permission", "pk": 2, "fields": {"name": "Can change log entry", "content_type": 1, "codename": "change_logentry"}}, {"model": "auth.permission", "pk": 3, "fields": {"name": "Can delete log entry", "content_type": 1, "codename": "delete_logentry"}}, {"model": "auth.permission", "pk": 4, "fields": {"name": "Can view log entry", "content_type": 1, "codename": "view_logentry"}}, {"model": "auth.permission", "pk": 5, "fields": {"name": "Can add permission", "content_type": 2, "codename": "add_permission"}}, {"model": "auth.permission", "pk": 6, "fields": {"name": "Can change permission", "content_type": 2, "codename": "change_permission"}}, {"model": "auth.permission", "pk": 7, "fields": {"name": "Can delete permission", "content_type": 2, "codename": "delete_permission"}}, {"model": "auth.permission", "pk": 8, "fields": {"name": "Can view permission", "content_type": 2, "codename": "view_permission"}}, {"model": "auth.permission", "pk": 9, "fields": {"name": "Can add group", "content_type": 3, "codename": "add_group"}}, {"model": "auth.permission", "pk": 10, "fields": {"name": "Can change group", "content_type": 3, "codename": "change_group"}}, {"model": "auth.permission", "pk": 11, "fields": {"name": "Can delete group", "content_type": 3, "codename": "delete_group"}}, {"model": "auth.permission", "pk": 12, "fields": {"name": "Can view group", "content_type": 3, "codename": "view_group"}}, {"model": "auth.permission", "pk": 13, "fields": {"name": "Can add user", "content_type": 4, "codename": "add_user"}}, {"model": "auth.permission", "pk": 14, "fields": {"name": "Can change user", "content_type": 4, "codename": "change_user"}}, {"model": "auth.permission", "pk": 15, "fields": {"name": "Can delete user", "content_type": 4, "codename": "delete_user"}}, {"model": "auth.permission", "pk": 16, "fields": {"name": "Can view user", "content_type": 4, "codename": "view_user"}}, {"model": "auth.permission", "pk": 17, "fields": {"name": "Can add content type", "content_type": 5, "codename": "add_contenttype"}}, {"model": "auth.permission", "pk": 18, "fields": {"name": "Can change content type", "content_type": 5, "codename": "change_contenttype"}}, {"model": "auth.permission", "pk": 19, "fields": {"name": "Can delete content type", "content_type": 5, "codename": "delete_contenttype"}}, {"model": "auth.permission", "pk": 20, "fields": {"name": "Can view content type", "content_type": 5, "codename": "view_contenttype"}}, {"model": "auth.permission", "pk": 21, "fields": {"name": "Can add session", "content_type": 6, "codename": "add_session"}}, {"model": "auth.permission", "pk": 22, "fields": {"name": "Can change session", "content_type": 6, "codename": "change_session"}}, {"model": "auth.permission", "pk": 23, "fields": {"name": "Can delete session", "content_type": 6, "codename": "delete_session"}}, {"model": "auth.permission", "pk": 24, "fields": {"name": "Can view session", "content_type": 6, "codename": "view_session"}}, {"model": "auth.permission", "pk": 25, "fields": {"name": "Can add Book", "content_type": 7, "codename": "add_book"}}, {"model": "auth.permission", "pk": 26, "fields": {"name": "Can change Book", "content_type": 7, "codename": "change_book"}}, {"model": "auth.permission", "pk": 27, "fields": {"name": "Can delete Book", "content_type": 7, "codename": "delete_book"}}, {"model": "auth.permission", "pk": 28, "fields": {"name": "Can view Book", "content_type": 7, "codename": "view_book"}}, {"model": "auth.permission", "pk": 29, "fields": {"name": "Can add Bookmark", "content_type": 8, "codename": "add_bookmark"}}, {"model": "auth.permission", "pk": 30, "fields": {"name": "Can change Bookmark", "content_type": 8, "codename": "change_bookmark"}}, {"model": "auth.permission", "pk": 31, "fields": {"name": "Can delete Bookmark", "content_type": 8, "codename": "delete_bookmark"}}, {"model": "auth.permission", "pk": 32, "fields": {"name": "Can view Bookmark", "content_type": 8, "codename": "view_bookmark"}}, {"model": "auth.permission", "pk": 33, "fields": {"name": "Can add Book Review", "content_type": 9, "codename": "add_bookreview"}}, {"model": "auth.permission", "pk": 34, "fields": {"name": "Can change Book Review", "content_type": 9, "codename": "change_bookreview"}}, {"model": "auth.permission", "pk": 35, "fields": {"name": "Can delete Book Review", "content_type": 9, "codename": "delete_bookreview"}}, {"model": "auth.permission", "pk": 36, "fields": {"name": "Can view Book Review", "content_type": 9, "codename": "view_bookreview"}}, {"model": "auth.user", "pk": 1, "fields": {"password": "pbkdf2_sha256$600000$JViZ68HnjL31mRGsR8fODz$TGRf+/iWB9Cr5GZZmJqEC7Irzqidmx1MnxNf8heRnKk=", "last_login": "2024-08-02T23:08:40.324Z", "is_superuser": true, "username": "test", "first_name": "", "last_name": "", "email": "", "is_staff": true, "is_active": true, "date_joined": "2024-08-02T23:08:29.068Z", "groups": [], "user_permissions": []}}, {"model": "auth.user", "pk": 2, "fields": {"password": "pbkdf2_sha256$600000$k5JRmd6NXjmeFUnyzlLYCv$ImxAR70WUpJ8Yp3lR/fwvz04dWORDVKw8oaG0xyJsEs=", "last_login": null, "is_superuser": false, "username": "a_boy_who_reads", "first_name": "", "last_name": "", "email": "", "is_staff": false, "is_active": true, "date_joined": "2024-08-02T23:35:30.067Z", "groups": [], "user_permissions": []}}, {"model": "auth.user", "pk": 3, "fields": {"password": "pbkdf2_sha256$600000$nMuLYzHDbrXkxDxRifZAMs$ovoRqnK20AHJzU42DyMn0b0EfbhILbdeYNPWG1MetYg=", "last_login": null, "is_superuser": false, "username": "a_girl_who_reads", "first_name": "", "last_name": "", "email": "", "is_staff": false, "is_active": true, "date_joined": "2024-08-02T23:35:49.204Z", "groups": [], "user_permissions": []}}, {"model": "auth.user", "pk": 4, "fields": {"password": "pbkdf2_sha256$600000$eQGE4ImHydIY011BkfJGpr$P60K3PsLqGToCdzb2Vf9r83rGILi6F4CRFf5fMpbFuI=", "last_login": null, "is_superuser": false, "username": "django_dev_worm", "first_name": "", "last_name": "", "email": "", "is_staff": false, "is_active": true, "date_joined": "2024-08-02T23:36:14.168Z", "groups": [], "user_permissions": []}}, {"model": "auth.user", "pk": 5, "fields": {"password": "pbkdf2_sha256$600000$dgyiMCjDFOORQJD6FjWXHa$9DURA0eihN8riaeiyS693BNknpyZAy/s1nRugPz0DSU=", "last_login": null, "is_superuser": false, "username": "tech", "first_name": "", "last_name": "", "email": "", "is_staff": false, "is_active": true, "date_joined": "2024-08-02T23:36:30.866Z", "groups": [], "user_permissions": []}}, {"model": "contenttypes.contenttype", "pk": 1, "fields": {"app_label": "admin", "model": "logentry"}}, {"model": "contenttypes.contenttype", "pk": 2, "fields": {"app_label": "auth", "model": "permission"}}, {"model": "contenttypes.contenttype", "pk": 3, "fields": {"app_label": "auth", "model": "group"}}, {"model": "contenttypes.contenttype", "pk": 4, "fields": {"app_label": "auth", "model": "user"}}, {"model": "contenttypes.contenttype", "pk": 5, "fields": {"app_label": "contenttypes", "model": "contenttype"}}, {"model": "contenttypes.contenttype", "pk": 6, "fields": {"app_label": "sessions", "model": "session"}}, {"model": "contenttypes.contenttype", "pk": 7, "fields": {"app_label": "books", "model": "book"}}, {"model": "contenttypes.contenttype", "pk": 8, "fields": {"app_label": "bookmarks", "model": "bookmark"}}, {"model": "contenttypes.contenttype", "pk": 9, "fields": {"app_label": "reviews", "model": "bookreview"}}, {"model": "sessions.session", "pk": "mnwm8sqlh626z9dcjjidc09jmmdifuj2", "fields": {"session_data": ".eJxVjMsOwiAQRf-FtSEMwwhx6d5vIMNLqgaS0q6M_26bdKHbe865b-F5XapfR579lMRFgDj9boHjM7cdpAe3e5ext2WegtwVedAhbz3l1_Vw_w4qj7rVxCWgBeVCAYyWGI3VWAhV0hGdIwJGUMqwdRZpQxkMnTUUyBg5ic8Xu7E2xA:1sa1O4:hu6K6ecRkctiHTbiu2tDwN3LOGKAJ_dxr4abx6vawJM", "expire_date": "2024-08-16T23:08:40.330Z"}}, {"model": "books.book", "pk": 1, "fields": {"title": "No Country for Old Men", "description": "No Country for Old Men is a 2005 novel by American author Cormac McCarthy, who had originally written the story as a screenplay. The story occurs in the vicinity of the Mexico–United States border in 1980 and concerns an illegal drug deal gone awry in the Texas desert back country.", "author": "Cormac Mc Carthy", "genre": "Western fiction", "published_date": "2024-08-02"}}, {"model": "books.book", "pk": 2, "fields": {"title": "The Sisters Brothers", "description": "The Sisters Brothers is a 2011 Western novel by Canadian-born author Patrick deWitt. The darkly comic story takes place in Oregon and California in 1851.", "author": "Patrick deWitt", "genre": "Western fiction", "published_date": "2024-08-02"}}, {"model": "books.book", "pk": 3, "fields": {"title": "Sentimental Education", "description": "Sentimental Education is a novel by Gustave Flaubert. The story focuses on the romantic life of a young man named Frédéric Moreau at the time of the French Revolution of 1848 and the founding of the Second French Empire.", "author": "Gustave Flaubert", "genre": "Realism", "published_date": "2024-08-02"}}, {"model": "books.book", "pk": 4, "fields": {"title": "One Hundred Years of Solitude", "description": "One Hundred Years of Solitude is a 1967 novel by Colombian author Gabriel García Márquez that tells the multi-generational story of the Buendía family, whose patriarch, José Arcadio Buendía, founded the fictitious town of Macondo. The novel is often cited as one of the supreme achievements in world literature.", "author": "Gabriel García Márquez", "genre": "Magical Realism", "published_date": "2024-08-02"}}, {"model": "books.book", "pk": 5, "fields": {"title": "The Little Prince", "description": "The Little Prince is a novella written and illustrated by French writer and military pilot Antoine de Saint-Exupéry.", "author": "Antoine de Saint-Exupéry", "genre": "Children's literature", "published_date": "2024-08-02"}}, {"model": "books.book", "pk": 6, "fields": {"title": "پاييز فصل آخر سال است", "description": "سه دختر که زندگی‌شان از در دوران دانشگاه با هم گره خورده و حالا در حالی که راهشان کاملا از هم جداست، کماکان روی زندگی هم تاثیر می‌گذارند و ...", "author": "نسیم مرعشی", "genre": "Iranian Fiction", "published_date": "2024-08-02"}}, {"model": "books.book", "pk": 7, "fields": {"title": "STORY Substance, Structure, Style, and the Principles of Screenwriting", "description": "In STORY, McKee expands on the concepts he teaches in his legendary 3-day seminars — considered a rite of passage for writers — providing readers with the most comprehensive, integrated explanation of the craft of writing for the page, stage, and screen.", "author": "Robert McKee", "genre": "Dramatic Literature", "published_date": "2024-08-02"}}, {"model": "books.book", "pk": 8, "fields": {"title": "A Song of Ice and Fire", "description": "A Song of Ice and Fire is a series of high fantasy novels by the American author George R. R. Martin. He began writing the first volume, A Game of Thrones, in 1991, and published it in 1996. Martin, who originally envisioned the series as a trilogy, has so far released five out of seven planned volumes.", "author": "George R. R. Martin, Martin G R R", "genre": "High fantasy", "published_date": "2008-01-02"}}, {"model": "books.book", "pk": 9, "fields": {"title": "The Lord of the Rings", "description": "The Lord of the Rings is an epic high fantasy novel by the English author and scholar J. R. R. Tolkien. Set in Middle-earth, the story began as a sequel to Tolkien's 1937 children's book The Hobbit, but eventually developed into a much larger work.", "author": "John Ronald Reuel Tolkien", "genre": "Fantasy Fiction", "published_date": "2024-08-02"}}, {"model": "books.book", "pk": 10, "fields": {"title": "Constantine", "description": "Expelling a demon from a little girl, Constantine senses power at work that he has not felt before. When he teams up with sceptical policewoman Angela Dodson to discover why her twin sister committed suicide, their investigation takes them into a world of demons and angels existing beneath the streets.", "author": "Kevin Brodbin", "genre": "Horror fiction", "published_date": "2024-08-02"}}, {"model": "books.book", "pk": 11, "fields": {"title": "Hellblazer", "description": "John Constantine, Hellblazer is an American contemporary horror comic-book series published by DC Comics since January 1988, and subsequently by its Vertigo imprint since March 1993, when the imprint was introduced.", "author": "Jamie Delano", "genre": "Horror fiction", "published_date": "2024-08-02"}}, {"model": "books.book", "pk": 12, "fields": {"title": "The Great Gatsby", "description": "The Great Gatsby is a 1925 novel by American writer F. Scott Fitzgerald. Set in the Jazz Age on Long Island, near New York City, the novel depicts first-person narrator Nick Carraway's interactions with mysterious millionaire Jay Gatsby and Gatsby's obsession to reunite with his former lover, Daisy Buchanan.", "author": "F. Scott Fitzgerald", "genre": "Tragedy", "published_date": "2024-08-02"}}, {"model": "books.book", "pk": 13, "fields": {"title": "Hamlet", "description": "The Tragedy of Hamlet, Prince of Denmark, usually shortened to Hamlet, is a tragedy written by William Shakespeare sometime between 1599 and 1601. It is Shakespeare's longest play.", "author": "William Shakespeare", "genre": "Tragedy", "published_date": "2022-05-02"}}, {"model": "books.book", "pk": 14, "fields": {"title": "Macbeth", "description": "Macbeth is a tragedy by William Shakespeare. It is thought to have been first performed in 1606. It dramatises the damaging physical and psychological effects of political ambition on those who seek power.", "author": "William Shakespeare", "genre": "Tragedy", "published_date": "2024-08-02"}}, {"model": "books.book", "pk": 15, "fields": {"title": "Julius Caesar", "description": "The Tragedy of Julius Caesar, often abbreviated as Julius Caesar, is a history play and tragedy by William Shakespeare first performed in 1599. In the play, Brutus joins a conspiracy led by Cassius to assassinate Julius Caesar, to prevent him from becoming a tyrant.", "author": "William Shakespeare", "genre": "Tragedy", "published_date": "2024-08-02"}}, {"model": "bookmarks.bookmark", "pk": 1, "fields": {"book": 1, "user": 2, "created_at": "2024-08-02T23:53:17Z"}}, {"model": "bookmarks.bookmark", "pk": 2, "fields": {"book": 5, "user": 4, "created_at": "2024-08-02T23:53:23Z"}}, {"model": "bookmarks.bookmark", "pk": 3, "fields": {"book": 3, "user": 3, "created_at": "2024-08-02T23:53:28Z"}}, {"model": "bookmarks.bookmark", "pk": 4, "fields": {"book": 9, "user": 3, "created_at": "2024-08-02T23:53:33Z"}}, {"model": "bookmarks.bookmark", "pk": 5, "fields": {"book": 11, "user": 2, "created_at": "2024-08-02T23:53:41Z"}}, {"model": "bookmarks.bookmark", "pk": 6, "fields": {"book": 6, "user": 4, "created_at": "2024-08-02T23:53:47Z"}}, {"model": "bookmarks.bookmark", "pk": 7, "fields": {"book": 12, "user": 5, "created_at": "2024-08-02T23:53:55Z"}}, {"model": "bookmarks.bookmark", "pk": 8, "fields": {"book": 4, "user": 4, "created_at": "2024-08-02T23:54:01Z"}}, {"model": "bookmarks.bookmark", "pk": 9, "fields": {"book": 10, "user": 5, "created_at": "2024-08-02T23:54:06Z"}}, {"model": "bookmarks.bookmark", "pk": 10, "fields": {"book": 1, "user": 5, "created_at": "2024-08-02T23:54:14Z"}}, {"model": "bookmarks.bookmark", "pk": 11, "fields": {"book": 8, "user": 3, "created_at": "2024-08-02T23:54:20Z"}}, {"model": "bookmarks.bookmark", "pk": 12, "fields": {"book": 14, "user": 2, "created_at": "2024-08-02T23:54:38Z"}}, {"model": "bookmarks.bookmark", "pk": 13, "fields": {"book": 5, "user": 3, "created_at": "2024-08-02T23:54:54Z"}}, {"model": "bookmarks.bookmark", "pk": 14, "fields": {"book": 15, "user": 2, "created_at": "2024-08-02T23:55:06Z"}}, {"model": "bookmarks.bookmark", "pk": 15, "fields": {"book": 8, "user": 5, "created_at": "2024-08-02T23:55:13Z"}}, {"model": "bookmarks.bookmark", "pk": 16, "fields": {"book": 8, "user": 2, "created_at": "2024-08-02T23:55:22Z"}}, {"model": "bookmarks.bookmark", "pk": 17, "fields": {"book": 15, "user": 4, "created_at": "2024-08-02T23:55:28Z"}}, {"model": "bookmarks.bookmark", "pk": 18, "fields": {"book": 4, "user": 2, "created_at": "2024-08-02T23:55:36Z"}}, {"model": "bookmarks.bookmark", "pk": 19, "fields": {"book": 10, "user": 3, "created_at": "2024-08-02T23:56:35Z"}}, {"model": "bookmarks.bookmark", "pk": 20, "fields": {"book": 6, "user": 2, "created_at": "2024-08-02T23:56:41Z"}}, {"model": "reviews.bookreview", "pk": 1, "fields": {"book": 1, "user": 2, "rating": 5, "review_text": "I am a boy! As a boy this book is awesome. \r\n\r\nThe villain, AntonChigure (If I said correct), was awesome!", "created_at": "2024-08-02T23:40:34Z"}}, {"model": "reviews.bookreview", "pk": 2, "fields": {"book": 6, "user": 4, "rating": 4, "review_text": "در کتاب‌های فارسی اینو دوست داشتم. چقد خوبه. \r\n\r\nفقط کاش کمتر کش میومد! خیلی حرف‌ها گاهی حوصله می‌خواست.", "created_at": "2024-08-02T23:41:56Z"}}, {"model": "reviews.bookreview", "pk": 3, "fields": {"book": 11, "user": 3, "rating": 5, "review_text": "Such a Wow! It is awesome.\r\n\r\nIn our country, we love such stories about devils and so one.\r\n\r\nI reallly LOVE it.", "created_at": "2024-08-02T23:42:50Z"}}, {"model": "reviews.bookreview", "pk": 4, "fields": {"book": 12, "user": 4, "rating": 5, "review_text": "Wow, It was a real tragedy! Poor Gatsby", "created_at": "2024-08-02T23:44:03Z"}}, {"model": "reviews.bookreview", "pk": 5, "fields": {"book": 6, "user": 2, "rating": 2, "review_text": "دوستش نداشتم.\r\n\r\nفضا قابل تحمل نبود.", "created_at": "2024-08-02T23:44:39Z"}}, {"model": "reviews.bookreview", "pk": 6, "fields": {"book": 14, "user": 4, "rating": 1, "review_text": "I dont understand why he alway have a sad book.\r\n\r\nwrite a happy one mr william", "created_at": "2024-08-02T23:45:17Z"}}, {"model": "reviews.bookreview", "pk": 7, "fields": {"book": 13, "user": 3, "rating": 5, "review_text": "Really love this.\r\n\r\nlet me quote something from it:\r\n\r\n“To be, or not to be: that is the question:\r\nWhether 'tis nobler in the mind to suffer\r\nThe slings and arrows of outrageous fortune,\r\nOr to take arms against a sea of troubles,\r\nAnd by opposing end them? To die: to sleep;\r\nNo more; and by a sleep to say we end\r\nThe heart-ache and the thousand natural shocks\r\nThat flesh is heir to, 'tis a consummation\r\nDevoutly to be wish'd. To die, to sleep;\r\nTo sleep: perchance to dream: ay, there's the rub;\r\nFor in that sleep of death what dreams may come\r\nWhen we have shuffled off this mortal coil,\r\nMust give us pause: there's the respect\r\nThat makes calamity of so long life;\r\nFor who would bear the whips and scorns of time,\r\nThe oppressor's wrong, the proud man's contumely,\r\nThe pangs of despised love, the law's delay,\r\nThe insolence of office and the spurns\r\nThat patient merit of the unworthy takes,\r\nWhen he himself might his quietus make\r\nWith a bare bodkin? who would fardels bear,\r\nTo grunt and sweat under a weary life,\r\nBut that the dread of something after death,\r\nThe undiscover'd country from whose bourn\r\nNo traveller returns, puzzles the will\r\nAnd makes us rather bear those ills we have\r\nThan fly to others that we know not of?\r\nThus conscience does make cowards of us all;\r\nAnd thus the native hue of resolution\r\nIs sicklied o'er with the pale cast of thought,\r\nAnd enterprises of great pith and moment\r\nWith this regard their currents turn awry,\r\nAnd lose the name of action.--Soft you now!\r\nThe fair Ophelia! Nymph, in thy orisons\r\nBe all my sins remember'd!” \r\n\r\nisn't this awesome?", "created_at": "2024-08-02T23:46:16Z"}}, {"model": "reviews.bookreview", "pk": 8, "fields": {"book": 3, "user": 4, "rating": 5, "review_text": "As a django developer, I want to say this is awesome, THE MOST UNDERATED NOVEL EVER!", "created_at": "2024-08-02T23:47:54Z"}}, {"model": "reviews.bookreview", "pk": 9, "fields": {"book": 15, "user": 3, "rating": 5, "review_text": "I like this. \r\n\r\nA sad story, but worth to read!", "created_at": "2024-08-02T23:48:37Z"}}, {"model": "reviews.bookreview", "pk": 10, "fields": {"book": 9, "user": 2, "rating": 5, "review_text": "Even Better than new fictional stories.\r\n\r\nWorth to re-read!", "created_at": "2024-08-02T23:49:08Z"}}, {"model": "reviews.bookreview", "pk": 11, "fields": {"book": 15, "user": 4, "rating": 5, "review_text": "Wow it is cooll...", "created_at": "2024-08-02T23:49:45Z"}}, {"model": "reviews.bookreview", "pk": 12, "fields": {"book": 4, "user": 3, "rating": 5, "review_text": "The magical realism is one of my favorit genres,\r\n\r\nthis book is one the bests in this genre\r\n\r\nRIP MR MARQUEZ", "created_at": "2024-08-02T23:51:32Z"}}]